,size,capacity,cmdp_size,mdp_size,fimdp_time,storm_time
0,10.0,10.0,100.0,1071.0,0.008771225082865776,0.002810479941430718
1,10.0,20.0,100.0,2041.0,0.008931855677152012,0.007124507568577039
2,10.0,30.0,100.0,3011.0,0.008389101617140113,0.010738593698567585
3,10.0,50.0,100.0,4951.0,0.00855732782571327,0.018387024507142736
4,10.0,100.0,100.0,9801.0,0.00851322649571687,0.03813512014286451
