,size,capacity,cmdp_size,mdp_size,fimdp_time,storm_time
0,20.0,20.0,400.0,8341.0,0.06316646030006398,0.021742428371466564
1,20.0,40.0,400.0,16281.0,0.1260392084571192,0.08029545565711617
2,20.0,60.0,400.0,24221.0,0.12474548190007877,0.13624697597141286
3,20.0,100.0,400.0,40101.0,0.12366704820009804,0.25912199342928943
4,20.0,200.0,400.0,79801.0,0.12520346295703869,0.5715188539995454
