size,capacity,cmdp_size,mdp_size,fimdp_time,storm_time
50,50,2500,127351,0.49819965,0.488891447
50,100,2500,252201,1.441818282,2.394679036
50,150,2500,377051,1.467728211,4.058346753
50,250,2500,626751,1.450673264,7.309201269
50,500,2500,1251001,1.418888365,15.58597218
